Plan Name,Monthly Price (USD),Annual Price (USD),Target Customer,Key Features,Usage Limits,Add-Ons,Support Level,Notes
Plan 1,49,490,Medium-sized businesses,"Advanced analytics, 10 seats, Priority support","50,000 API calls/month, 100GB storage",Custom solutions and integrations priced separately,Email support,Designed for enterprises with complex needs.
Plan 2,199,1990,Medium-sized businesses,"Custom integrations, Advanced security, 24/7 support",Custom API calls and storage limits,"Advanced integrations ($50/month), Additional seats ($8/seat)",Priority support,Designed for enterprises with complex needs.
Plan 3,29,290,Freelancers,"Unlimited API calls, Unlimited seats, Dedicated account manager","5,000 API calls/month, 10GB storage",Custom solutions and integrations priced separately,Dedicated support,Designed for enterprises with complex needs.
Plan 4,29,290,Freelancers,"Core features, 5 seats, Email support","5,000 API calls/month, 10GB storage","Additional seats ($10/seat), Additional storage ($5/GB)",Priority support,Best for teams with high usage demands.
Plan 5,Contact Us,Contact Us,Startups,"Advanced analytics, 10 seats, Priority support","5,000 API calls/month, 10GB storage","Advanced integrations ($50/month), Additional seats ($8/seat)",Dedicated support,Best for teams with high usage demands.
Plan 6,Contact Us,Contact Us,Startups,"Core features, 5 seats, Email support",Unlimited API calls and 1TB storage,"Advanced integrations ($50/month), Additional seats ($8/seat)",24/7 support,Designed for enterprises with complex needs.
Plan 7,49,490,Small teams,"Advanced analytics, 10 seats, Priority support","5,000 API calls/month, 10GB storage","Advanced integrations ($50/month), Additional seats ($8/seat)",Dedicated support,Ideal for beginners and small startups.
Plan 8,49,490,Medium-sized businesses,"Advanced analytics, 10 seats, Priority support",Custom API calls and storage limits,Custom solutions and integrations priced separately,Priority support,Best for teams with high usage demands.
Plan 9,Contact Us,Contact Us,Small teams,"Advanced analytics, 10 seats, Priority support",Custom API calls and storage limits,Custom solutions and integrations priced separately,24/7 support,Designed for enterprises with complex needs.
Plan 10,199,1990,Medium-sized businesses,"Custom integrations, Advanced security, 24/7 support",Custom API calls and storage limits,"Advanced integrations ($50/month), Additional seats ($8/seat)",24/7 support,Best for teams with high usage demands.
Plan 11,99,990,Freelancers,"Core features, 5 seats, Email support","50,000 API calls/month, 100GB storage","Advanced integrations ($50/month), Additional seats ($8/seat)",Priority support,Great for growing businesses.
Plan 12,49,490,Freelancers,"Advanced analytics, 10 seats, Priority support",Custom API calls and storage limits,"Additional seats ($10/seat), Additional storage ($5/GB)",Priority support,Great for growing businesses.
Plan 13,19,190,Small teams,"Core features, 5 seats, Email support",Custom API calls and storage limits,"Additional seats ($10/seat), Additional storage ($5/GB)",Dedicated support,Great for growing businesses.
Plan 14,29,290,Enterprises,"Unlimited API calls, Unlimited seats, Dedicated account manager","5,000 API calls/month, 10GB storage","Additional seats ($10/seat), Additional storage ($5/GB)",24/7 support,Great for growing businesses.
Plan 15,19,190,Small teams,"Custom integrations, Advanced security, 24/7 support","5,000 API calls/month, 10GB storage","Advanced integrations ($50/month), Additional seats ($8/seat)",Email support,Ideal for beginners and small startups.
Plan 16,Contact Us,Contact Us,Medium-sized businesses,"Custom integrations, Advanced security, 24/7 support",Custom API calls and storage limits,Custom solutions and integrations priced separately,24/7 support,Ideal for beginners and small startups.
Plan 17,99,990,Small teams,"Advanced analytics, 10 seats, Priority support","5,000 API calls/month, 10GB storage",Custom solutions and integrations priced separately,Email support,Great for growing businesses.
Plan 18,99,990,Freelancers,"Unlimited API calls, Unlimited seats, Dedicated account manager",Unlimited API calls and 1TB storage,"Additional seats ($10/seat), Additional storage ($5/GB)",Priority support,Designed for enterprises with complex needs.
Plan 19,99,990,Small teams,"Unlimited API calls, Unlimited seats, Dedicated account manager",Custom API calls and storage limits,"Advanced integrations ($50/month), Additional seats ($8/seat)",Email support,Great for growing businesses.
Plan 20,49,490,Medium-sized businesses,"Advanced analytics, 10 seats, Priority support",Custom API calls and storage limits,"Advanced integrations ($50/month), Additional seats ($8/seat)",Dedicated support,Designed for enterprises with complex needs.
Plan 21,49,490,Small teams,"Custom integrations, Advanced security, 24/7 support",Custom API calls and storage limits,"Advanced integrations ($50/month), Additional seats ($8/seat)",Priority support,Designed for enterprises with complex needs.
Plan 22,19,190,Enterprises,"Core features, 5 seats, Email support","50,000 API calls/month, 100GB storage",Custom solutions and integrations priced separately,Dedicated support,Best for teams with high usage demands.
Plan 23,29,290,Small teams,"Custom integrations, Advanced security, 24/7 support","50,000 API calls/month, 100GB storage",Custom solutions and integrations priced separately,Dedicated support,Designed for enterprises with complex needs.
Plan 24,29,290,Medium-sized businesses,"Unlimited API calls, Unlimited seats, Dedicated account manager","50,000 API calls/month, 100GB storage",Custom solutions and integrations priced separately,Dedicated support,Best for teams with high usage demands.
Plan 25,99,990,Small teams,"Custom integrations, Advanced security, 24/7 support",Custom API calls and storage limits,"Advanced integrations ($50/month), Additional seats ($8/seat)",Dedicated support,Best for teams with high usage demands.
Plan 26,29,290,Freelancers,"Custom integrations, Advanced security, 24/7 support","50,000 API calls/month, 100GB storage","Additional seats ($10/seat), Additional storage ($5/GB)",Email support,Ideal for beginners and small startups.
Plan 27,29,290,Medium-sized businesses,"Custom integrations, Advanced security, 24/7 support","5,000 API calls/month, 10GB storage","Additional seats ($10/seat), Additional storage ($5/GB)",Email support,Best for teams with high usage demands.
Plan 28,Contact Us,Contact Us,Startups,"Unlimited API calls, Unlimited seats, Dedicated account manager","50,000 API calls/month, 100GB storage",Custom solutions and integrations priced separately,24/7 support,Best for teams with high usage demands.
Plan 29,199,1990,Startups,"Custom integrations, Advanced security, 24/7 support",Custom API calls and storage limits,Custom solutions and integrations priced separately,Dedicated support,Best for teams with high usage demands.
Plan 30,19,190,Medium-sized businesses,"Unlimited API calls, Unlimited seats, Dedicated account manager",Unlimited API calls and 1TB storage,"Advanced integrations ($50/month), Additional seats ($8/seat)",Priority support,Best for teams with high usage demands.
Plan 31,99,990,Enterprises,"Custom integrations, Advanced security, 24/7 support",Unlimited API calls and 1TB storage,"Advanced integrations ($50/month), Additional seats ($8/seat)",24/7 support,Ideal for beginners and small startups.
Plan 32,99,990,Enterprises,"Unlimited API calls, Unlimited seats, Dedicated account manager",Unlimited API calls and 1TB storage,Custom solutions and integrations priced separately,24/7 support,Designed for enterprises with complex needs.
Plan 33,199,1990,Startups,"Unlimited API calls, Unlimited seats, Dedicated account manager","50,000 API calls/month, 100GB storage","Additional seats ($10/seat), Additional storage ($5/GB)",Dedicated support,Great for growing businesses.
Plan 34,Contact Us,Contact Us,Enterprises,"Custom integrations, Advanced security, 24/7 support",Unlimited API calls and 1TB storage,Custom solutions and integrations priced separately,Dedicated support,Great for growing businesses.
Plan 35,199,1990,Enterprises,"Core features, 5 seats, Email support","50,000 API calls/month, 100GB storage","Advanced integrations ($50/month), Additional seats ($8/seat)",Email support,Ideal for beginners and small startups.
Plan 36,19,190,Freelancers,"Core features, 5 seats, Email support","5,000 API calls/month, 10GB storage","Additional seats ($10/seat), Additional storage ($5/GB)",Dedicated support,Ideal for beginners and small startups.
Plan 37,49,490,Small teams,"Core features, 5 seats, Email support","50,000 API calls/month, 100GB storage","Additional seats ($10/seat), Additional storage ($5/GB)",Dedicated support,Best for teams with high usage demands.
Plan 38,199,1990,Small teams,"Unlimited API calls, Unlimited seats, Dedicated account manager",Unlimited API calls and 1TB storage,"Additional seats ($10/seat), Additional storage ($5/GB)",24/7 support,Great for growing businesses.
Plan 39,29,290,Startups,"Core features, 5 seats, Email support","5,000 API calls/month, 10GB storage","Additional seats ($10/seat), Additional storage ($5/GB)",Priority support,Designed for enterprises with complex needs.
Plan 40,19,190,Startups,"Custom integrations, Advanced security, 24/7 support",Custom API calls and storage limits,"Additional seats ($10/seat), Additional storage ($5/GB)",Priority support,Designed for enterprises with complex needs.
Plan 41,19,190,Freelancers,"Unlimited API calls, Unlimited seats, Dedicated account manager",Custom API calls and storage limits,"Additional seats ($10/seat), Additional storage ($5/GB)",Priority support,Ideal for beginners and small startups.
Plan 42,49,490,Enterprises,"Advanced analytics, 10 seats, Priority support",Unlimited API calls and 1TB storage,"Advanced integrations ($50/month), Additional seats ($8/seat)",Email support,Designed for enterprises with complex needs.
Plan 43,Contact Us,Contact Us,Enterprises,"Unlimited API calls, Unlimited seats, Dedicated account manager","5,000 API calls/month, 10GB storage","Additional seats ($10/seat), Additional storage ($5/GB)",Priority support,Great for growing businesses.
Plan 44,19,190,Small teams,"Custom integrations, Advanced security, 24/7 support",Custom API calls and storage limits,"Advanced integrations ($50/month), Additional seats ($8/seat)",Dedicated support,Best for teams with high usage demands.
Plan 45,Contact Us,Contact Us,Medium-sized businesses,"Unlimited API calls, Unlimited seats, Dedicated account manager","5,000 API calls/month, 10GB storage","Advanced integrations ($50/month), Additional seats ($8/seat)",Priority support,Great for growing businesses.
Plan 46,Contact Us,Contact Us,Small teams,"Unlimited API calls, Unlimited seats, Dedicated account manager",Custom API calls and storage limits,"Advanced integrations ($50/month), Additional seats ($8/seat)",24/7 support,Best for teams with high usage demands.
Plan 47,199,1990,Small teams,"Advanced analytics, 10 seats, Priority support",Custom API calls and storage limits,Custom solutions and integrations priced separately,Priority support,Great for growing businesses.
Plan 48,29,290,Enterprises,"Core features, 5 seats, Email support",Custom API calls and storage limits,"Advanced integrations ($50/month), Additional seats ($8/seat)",Dedicated support,Designed for enterprises with complex needs.
Plan 49,29,290,Freelancers,"Advanced analytics, 10 seats, Priority support","50,000 API calls/month, 100GB storage","Advanced integrations ($50/month), Additional seats ($8/seat)",Priority support,Great for growing businesses.
Plan 50,29,290,Medium-sized businesses,"Advanced analytics, 10 seats, Priority support",Unlimited API calls and 1TB storage,"Advanced integrations ($50/month), Additional seats ($8/seat)",Email support,Designed for enterprises with complex needs.
Plan 51,99,990,Freelancers,"Advanced analytics, 10 seats, Priority support",Custom API calls and storage limits,"Additional seats ($10/seat), Additional storage ($5/GB)",Dedicated support,Great for growing businesses.
Plan 52,99,990,Medium-sized businesses,"Advanced analytics, 10 seats, Priority support","5,000 API calls/month, 10GB storage","Advanced integrations ($50/month), Additional seats ($8/seat)",Priority support,Great for growing businesses.
Plan 53,199,1990,Startups,"Unlimited API calls, Unlimited seats, Dedicated account manager","50,000 API calls/month, 100GB storage","Additional seats ($10/seat), Additional storage ($5/GB)",24/7 support,Ideal for beginners and small startups.
Plan 54,29,290,Small teams,"Unlimited API calls, Unlimited seats, Dedicated account manager","50,000 API calls/month, 100GB storage",Custom solutions and integrations priced separately,Priority support,Great for growing businesses.
Plan 55,Contact Us,Contact Us,Small teams,"Advanced analytics, 10 seats, Priority support",Unlimited API calls and 1TB storage,"Advanced integrations ($50/month), Additional seats ($8/seat)",Dedicated support,Great for growing businesses.
Plan 56,49,490,Freelancers,"Core features, 5 seats, Email support",Custom API calls and storage limits,"Advanced integrations ($50/month), Additional seats ($8/seat)",Email support,Great for growing businesses.
Plan 57,49,490,Small teams,"Custom integrations, Advanced security, 24/7 support","5,000 API calls/month, 10GB storage","Additional seats ($10/seat), Additional storage ($5/GB)",Priority support,Best for teams with high usage demands.
Plan 58,29,290,Small teams,"Unlimited API calls, Unlimited seats, Dedicated account manager",Custom API calls and storage limits,"Advanced integrations ($50/month), Additional seats ($8/seat)",Dedicated support,Best for teams with high usage demands.
Plan 59,49,490,Startups,"Core features, 5 seats, Email support","50,000 API calls/month, 100GB storage","Advanced integrations ($50/month), Additional seats ($8/seat)",24/7 support,Ideal for beginners and small startups.
Plan 60,199,1990,Freelancers,"Custom integrations, Advanced security, 24/7 support",Custom API calls and storage limits,"Additional seats ($10/seat), Additional storage ($5/GB)",24/7 support,Designed for enterprises with complex needs.
Plan 61,29,290,Small teams,"Advanced analytics, 10 seats, Priority support","50,000 API calls/month, 100GB storage",Custom solutions and integrations priced separately,24/7 support,Designed for enterprises with complex needs.
Plan 62,29,290,Startups,"Advanced analytics, 10 seats, Priority support",Custom API calls and storage limits,Custom solutions and integrations priced separately,Priority support,Great for growing businesses.
Plan 63,29,290,Enterprises,"Unlimited API calls, Unlimited seats, Dedicated account manager",Custom API calls and storage limits,"Advanced integrations ($50/month), Additional seats ($8/seat)",Dedicated support,Designed for enterprises with complex needs.
Plan 64,19,190,Small teams,"Advanced analytics, 10 seats, Priority support",Custom API calls and storage limits,"Advanced integrations ($50/month), Additional seats ($8/seat)",Priority support,Ideal for beginners and small startups.
Plan 65,Contact Us,Contact Us,Startups,"Advanced analytics, 10 seats, Priority support",Custom API calls and storage limits,Custom solutions and integrations priced separately,Priority support,Ideal for beginners and small startups.
Plan 66,49,490,Startups,"Core features, 5 seats, Email support",Unlimited API calls and 1TB storage,"Additional seats ($10/seat), Additional storage ($5/GB)",Email support,Great for growing businesses.
Plan 67,Contact Us,Contact Us,Enterprises,"Advanced analytics, 10 seats, Priority support","50,000 API calls/month, 100GB storage","Additional seats ($10/seat), Additional storage ($5/GB)",Dedicated support,Great for growing businesses.
Plan 68,49,490,Startups,"Unlimited API calls, Unlimited seats, Dedicated account manager",Custom API calls and storage limits,"Advanced integrations ($50/month), Additional seats ($8/seat)",Priority support,Best for teams with high usage demands.
Plan 69,Contact Us,Contact Us,Enterprises,"Core features, 5 seats, Email support","50,000 API calls/month, 100GB storage",Custom solutions and integrations priced separately,Email support,Best for teams with high usage demands.
Plan 70,29,290,Freelancers,"Unlimited API calls, Unlimited seats, Dedicated account manager","50,000 API calls/month, 100GB storage","Advanced integrations ($50/month), Additional seats ($8/seat)",Dedicated support,Best for teams with high usage demands.
Plan 71,199,1990,Startups,"Core features, 5 seats, Email support",Unlimited API calls and 1TB storage,"Advanced integrations ($50/month), Additional seats ($8/seat)",Dedicated support,Great for growing businesses.
Plan 72,19,190,Enterprises,"Core features, 5 seats, Email support",Unlimited API calls and 1TB storage,"Advanced integrations ($50/month), Additional seats ($8/seat)",Dedicated support,Designed for enterprises with complex needs.
Plan 73,Contact Us,Contact Us,Enterprises,"Unlimited API calls, Unlimited seats, Dedicated account manager",Custom API calls and storage limits,"Advanced integrations ($50/month), Additional seats ($8/seat)",24/7 support,Best for teams with high usage demands.
Plan 74,199,1990,Freelancers,"Custom integrations, Advanced security, 24/7 support",Custom API calls and storage limits,Custom solutions and integrations priced separately,Email support,Ideal for beginners and small startups.
Plan 75,Contact Us,Contact Us,Enterprises,"Core features, 5 seats, Email support",Custom API calls and storage limits,"Advanced integrations ($50/month), Additional seats ($8/seat)",Priority support,Ideal for beginners and small startups.
Plan 76,Contact Us,Contact Us,Small teams,"Core features, 5 seats, Email support",Custom API calls and storage limits,"Advanced integrations ($50/month), Additional seats ($8/seat)",Dedicated support,Ideal for beginners and small startups.
Plan 77,29,290,Startups,"Core features, 5 seats, Email support",Custom API calls and storage limits,Custom solutions and integrations priced separately,Priority support,Ideal for beginners and small startups.
Plan 78,199,1990,Small teams,"Unlimited API calls, Unlimited seats, Dedicated account manager","50,000 API calls/month, 100GB storage","Additional seats ($10/seat), Additional storage ($5/GB)",24/7 support,Great for growing businesses.
Plan 79,29,290,Medium-sized businesses,"Core features, 5 seats, Email support",Unlimited API calls and 1TB storage,"Advanced integrations ($50/month), Additional seats ($8/seat)",Email support,Ideal for beginners and small startups.
Plan 80,19,190,Startups,"Core features, 5 seats, Email support","5,000 API calls/month, 10GB storage","Advanced integrations ($50/month), Additional seats ($8/seat)",Email support,Ideal for beginners and small startups.
Plan 81,Contact Us,Contact Us,Medium-sized businesses,"Custom integrations, Advanced security, 24/7 support","50,000 API calls/month, 100GB storage","Additional seats ($10/seat), Additional storage ($5/GB)",Dedicated support,Designed for enterprises with complex needs.
Plan 82,Contact Us,Contact Us,Small teams,"Core features, 5 seats, Email support",Custom API calls and storage limits,Custom solutions and integrations priced separately,24/7 support,Great for growing businesses.
Plan 83,199,1990,Enterprises,"Unlimited API calls, Unlimited seats, Dedicated account manager","5,000 API calls/month, 10GB storage","Advanced integrations ($50/month), Additional seats ($8/seat)",Email support,Best for teams with high usage demands.
Plan 84,29,290,Medium-sized businesses,"Advanced analytics, 10 seats, Priority support","50,000 API calls/month, 100GB storage","Advanced integrations ($50/month), Additional seats ($8/seat)",Dedicated support,Great for growing businesses.
Plan 85,Contact Us,Contact Us,Small teams,"Unlimited API calls, Unlimited seats, Dedicated account manager",Unlimited API calls and 1TB storage,"Additional seats ($10/seat), Additional storage ($5/GB)",Priority support,Designed for enterprises with complex needs.
Plan 86,49,490,Small teams,"Advanced analytics, 10 seats, Priority support","5,000 API calls/month, 10GB storage","Advanced integrations ($50/month), Additional seats ($8/seat)",Email support,Great for growing businesses.
Plan 87,49,490,Medium-sized businesses,"Unlimited API calls, Unlimited seats, Dedicated account manager",Custom API calls and storage limits,"Advanced integrations ($50/month), Additional seats ($8/seat)",24/7 support,Best for teams with high usage demands.
Plan 88,19,190,Enterprises,"Core features, 5 seats, Email support",Custom API calls and storage limits,"Additional seats ($10/seat), Additional storage ($5/GB)",Dedicated support,Great for growing businesses.
Plan 89,Contact Us,Contact Us,Freelancers,"Core features, 5 seats, Email support",Custom API calls and storage limits,"Additional seats ($10/seat), Additional storage ($5/GB)",24/7 support,Best for teams with high usage demands.
Plan 90,49,490,Small teams,"Unlimited API calls, Unlimited seats, Dedicated account manager","5,000 API calls/month, 10GB storage","Advanced integrations ($50/month), Additional seats ($8/seat)",Priority support,Ideal for beginners and small startups.
Plan 91,Contact Us,Contact Us,Small teams,"Core features, 5 seats, Email support",Custom API calls and storage limits,"Additional seats ($10/seat), Additional storage ($5/GB)",Dedicated support,Designed for enterprises with complex needs.
Plan 92,199,1990,Small teams,"Advanced analytics, 10 seats, Priority support","50,000 API calls/month, 100GB storage","Advanced integrations ($50/month), Additional seats ($8/seat)",24/7 support,Ideal for beginners and small startups.
Plan 93,99,990,Medium-sized businesses,"Advanced analytics, 10 seats, Priority support","50,000 API calls/month, 100GB storage",Custom solutions and integrations priced separately,Dedicated support,Best for teams with high usage demands.
Plan 94,29,290,Enterprises,"Core features, 5 seats, Email support",Unlimited API calls and 1TB storage,Custom solutions and integrations priced separately,Priority support,Ideal for beginners and small startups.
Plan 95,99,990,Small teams,"Advanced analytics, 10 seats, Priority support","50,000 API calls/month, 100GB storage","Additional seats ($10/seat), Additional storage ($5/GB)",Dedicated support,Best for teams with high usage demands.
Plan 96,19,190,Startups,"Unlimited API calls, Unlimited seats, Dedicated account manager","5,000 API calls/month, 10GB storage","Advanced integrations ($50/month), Additional seats ($8/seat)",Email support,Great for growing businesses.
Plan 97,99,990,Startups,"Unlimited API calls, Unlimited seats, Dedicated account manager",Custom API calls and storage limits,Custom solutions and integrations priced separately,Dedicated support,Designed for enterprises with complex needs.
Plan 98,Contact Us,Contact Us,Medium-sized businesses,"Unlimited API calls, Unlimited seats, Dedicated account manager",Custom API calls and storage limits,Custom solutions and integrations priced separately,24/7 support,Great for growing businesses.
Plan 99,199,1990,Freelancers,"Custom integrations, Advanced security, 24/7 support",Custom API calls and storage limits,"Additional seats ($10/seat), Additional storage ($5/GB)",Email support,Great for growing businesses.
Plan 100,29,290,Startups,"Core features, 5 seats, Email support","5,000 API calls/month, 10GB storage","Advanced integrations ($50/month), Additional seats ($8/seat)",Email support,Ideal for beginners and small startups.